Key,Type,Desc,English,Russian
AAP_HealingRate,Text,,Healing Rate,Скорость лечения
AAP_HpPerDay,Text,,HP/day,ОЗ/день
AAP_InTreatment,Text,,In Treatment,На лечении
AAP_RepairRate,Text,,Repair Rate,Скорость ремонта
AAP_Vehicles,Text,,Vehicles,Транспорт
AAP_PersonalAbilities,Text,,PERSONAL ABILITIES,ЛИЧНЫЕ СПОСОБНОСТИ
AAP_Repairing,Text,,REPAIRING:,РЕМОНТ:
AAP_Excavating,Text,,EXCAVATING:,РАСКОПКИ:
AAP_WillAttack,Text,,WILL ATTACK:,АТАКУЕТ:
AAP_PRECISION_SHOT,Ability Name,,Precision Shot,Точный выстрел
AAP_PRECISION_SHOT_DESC,Ability Description,,The next attack costs 0 AP and gains +20% accuracy. Costs 4 WP. Limited to 1 use per turn.,Следующая атака стоит 0 ОД и получает +20% меткости. Стоит 4 В. Один раз за ход.
AAP_MINDFRAGGER_LORE,Text,," "," "
AAP_PSYCHIC_INFLUENCES_LORE,Text,," "," "
AAP_EVAC_PROMPT,Text,,Evacuate Squad?,Эвакуировать отряд?
AAP_SCRAP_AIRCRAFT,Text,,SCRAP AIRCRAFT?,УТИЛИЗИРОВАТЬ ТРАНСПОРТ?
AAP_LAST_AIRCRAFT,Text,,This is Phoenix Point's last aircraft available,Это последний доступный летательный аппарат Феникса
AAP_MINDFRAGGER_FULL,Text,,"Summary: Mindfraggers are a bio-weapon designed to control, and possibly abduct human subjects. The creature’s head detaches from the body during an attack, becoming permanently linked to its host. Fortunately, killing the attached creature will remove it safely, restoring the victim to a normal state of mind.

<color=#A1A0FF>— Whispers from the Silver-Eyed Man —</color>
Not long after Phoenix Point's beacon blazed back to life and the first Manticore scouts returned, a stranger appeared at our makeshift gate. No aircraft, no escort – just a figure who walked out of the mist and knocked. His eyes, a disquieting silver-steel, seemed to hold the weight of centuries. He offered no name, only a cryptic congratulations: “The ashes have stirred. Good. You'll need this.”

The “gift” was a dense chemical formula scrawled on decaying paper, a recipe for something he called the Mind Awakening Elixir. It promised to fortify the human psyche against the alien corruption that would soon pour from the nests. Our best scientists tried to replicate it, but the compound refused to stabilise. The promise of psychic armour crumbled into another false hope, and the project was quietly shelved – no sense in dangling empty miracles before the troops.

Then, during the autopsy of a captured Mindfragger, a bio-chemist noticed a pattern. The parasitic interface the creature used to dominate its victims shared an uncanny molecular signature with the stranger's formula. A cross-referencing frenzy ensued. The alien's own biology held the missing key. From the marriage of human desperation and pandoran physiology, a watered-down but functional dietary supplement was born. It won't turn anyone into a telepath, but it does thicken the mind's walls – a little harder to panic, a little harder to control.","Отчет: промыватели — это биологическое оружие, предназначенное для контроля и, возможно, похищения людей. Голова существа отрывается от тела во время нападения, становясь постоянно связанной с его хозяином. К счастью, если убить прикрепившееся существо, то жертва безопасно вернется в сознательное состояние.

<color=#A1A0FF>— Шёпот сереброглазого человека —</color>
Вскоре после того, как маяк Феникс-Пойнт вновь вспыхнул, а первые разведчики «Мантикоры» вернулись, у наших временных ворот появился незнакомец. Ни самолёта, ни сопровождения — просто фигура, вышедшая из тумана и постучавшаяся в дверь. Его глаза, тревожного серебристо-стального оттенка, словно хранили тяжесть столетий. Он не назвал имени, лишь загадочно поздравил: «Пепел зашевелился. Хорошо. Вам это пригодится».

«Даром» оказалась плотная химическая формула, нацарапанная на истлевающей бумаге, — рецепт чего-то, что он назвал Эликсиром Пробуждения Разума. Он обещал укрепить человеческую психику перед лицом инопланетной порчи, которая скоро хлынет из гнездовий. Наши лучшие учёные пытались воспроизвести состав, но соединение отказывалось стабилизироваться. Обещание психической брони рассыпалось в ещё одну ложную надежду, и проект тихо свернули — нечего дразнить войска пустыми чудесами.

Потом, при вскрытии пойманного промывателя, биохимик заметил закономерность. Паразитический интерфейс, которым существо подчиняло жертв, имел поразительное молекулярное сходство с формулой незнакомца. Началась лихорадочная сверка данных. Ключом оказалась биология самого пришельца. Из союза человеческого отчаяния и пандоранской физиологии родилась разбавленная, но работающая пищевая добавка. Она не превратит никого в телепата, но делает стены разума толще — чуть сложнее вызвать панику, чуть сложнее подчинить контроль."
AAP_PSYCHIC_INFLUENCES_FULL,Text,,"Intense analysis has shown that the Pandoran ability to instill fear in humans is a direct result of an overstimulation of the amygdala through a form of infrasound combined with some kind of psychic influence. Based on current observations, only certain Pandoran species are able to produce the effect, although the exact method through which they do so remains unknown. A dampening module has been developed to negate this type of effect.

<color=#A1A0FF>— Psychic Influences breakthrough —</color>
The original elixir, combined with the knowledge ripped from alien nerve-clusters, finally yielded a stable gene therapy. The silver-eyed stranger's formula was never meant to be swallowed – it was a blueprint for rewriting the human mind's architecture.

The treatment permanently elevates a soldier's psychic resilience to near-superhuman levels, forming an invisible shield that only the most cataclysmic mental assaults can breach. As an unexpected side-effect, operatives already gifted with outward psychic abilities report their mind-control efforts becoming eerily more potent – as if the aliens suddenly find their own tricks turned against them with familiar ease.

The stranger was never seen again, but his gift now hums quietly in the blood of every Phoenix operative, a silent thank-you to a messenger who knew more than he ever told.","Интенсивный анализ показал, что способность пандоранов прививать страх людям является прямым следствием сверхстимуляции миндалин через инфразвук, который действует на людей на психологическом уровне. Данные, основанные на текущих исследованиях, говорят, что только некоторые особи пандоранов могут оказать такой эффект. Хотя точный метод, с помощью которого они это делают, остается неизвестным. Чтобы свети на нет этот эффект, разработан демпфирующий модуль.

<color=#A1A0FF>— Прорыв: Психические влияния —</color>
Оригинальный эликсир в сочетании со знаниями, вырванными из чужих нервных узлов, наконец дал стабильную генную терапию. Формула сереброглазого незнакомца никогда не предназначалась для приёма внутрь — это был чертёж перестройки архитектуры человеческого разума.

Лечение навсегда поднимает психическую устойчивость солдата до почти сверхчеловеческого уровня, образуя невидимый щит, который пробить могут лишь самые сокрушительные ментальные атаки. Непредвиденным побочным эффектом стало то, что оперативники, уже одарённые внешними психическими способностями, отмечают: их попытки контроля разума стали жутко могущественнее — будто пришельцы внезапно видят собственные трюки, обращённые против них же с лёгкой привычностью.

Незнакомца больше не видели, но его дар теперь тихо гудит в крови каждого оперативника Феникса — безмолвное спасибо вестнику, знавшему больше, чем когда-либо говорил."
AAP_CFG_DisableRightClickMove,Text,,Disable right-click move,Отключить перемещение правой кнопкой
AAP_CFG_DisableRightClickMove_DESC,Text,,"Right-click no longer issues move orders; it closes open menus instead. Turn off if it feels awkward with vehicles.","Правая кнопка больше не отдаёт приказов на перемещение; вместо этого она закрывает открытые меню. Отключите, если это неудобно при управлении техникой."
AAP_CFG_EnableSmartEvacuation,Text,,Smart squad evacuation,Умная эвакуация отряда
AAP_CFG_EnableSmartEvacuation_DESC,Text,,"When a squad member moves into an exit zone, ask to evacuate the whole squad (only possible when everyone can evacuate).","Когда боец попадает в зону выхода, предлагается эвакуировать весь отряд (только если все могут эвакуироваться)."
AAP_CFG_EnablePlentifulDrops,Text,,Plentiful item drops,Обильный выпадающий лут
AAP_CFG_EnablePlentifulDrops_DESC,Text,,"Reduced item destruction chance and extra loot drops from fallen enemies.","Снижен шанс разрушения предметов и увеличены выпадения лута с поверженных врагов."
AAP_CFG_PersonalAbilitiesCount,Text,,Personal abilities count,Количество личных способностей
AAP_CFG_PersonalAbilitiesCount_DESC,Text,,"Personal ability slots per soldier (vanilla 3, max 7).","Число слотов личных способностей на солдата (ванильное 3, максимум 7)."
AAP_CFG_FrenzySpeedCoefficient,Text,,Frenzy speed coefficient,Коэффициент скорости (Ярость)
AAP_CFG_FrenzySpeedCoefficient_DESC,Text,,"Frenzy speed multiplier. 1.5 = toned-down +50% (vanilla value). The old 1.75 allowed cross-map rushes.","Множитель скорости для способности «Ярость». 1.5 = смягчённые +50% (ванильное значение). Прежнее 1.75 позволяло рывки через всю карту."
AAP_CFG_VehicleAmmoMultiplier,Text,,Vehicle weapon ammo multiplier,Множитель боезапаса оружия техники
AAP_CFG_VehicleAmmoMultiplier_DESC,Text,,"Ammo charges multiplier for ground vehicle turret weapons (Armadillo, Scarab, Aspida, Mutog, Kaos Buggy). 1.5 = +50%.","Множитель зарядов боезапаса для башенного оружия наземной техники (Армадилло, Скараб, Аспида, Мутог, багги Каоса). 1.5 = +50%."
AAP_CFG_DeploymentCap,Text,,Deployment cap,Лимит развёртывания
AAP_CFG_DeploymentCap_DESC,Text,,"Maximum deployable units per mission (vanilla 8; 16 fits two full Thunderbirds).","Максимальное число бойцов на миссию (ванильное 8; 16 вмещает два полных «Громовержца»)."
AAP_CFG_EnableFesteringSkiesTweaks,Text,,Festering Skies tweaks,Твики Festering Skies
AAP_CFG_EnableFesteringSkiesTweaks_DESC,Text,,"Slow down the Behemoth and Pandoran geoscape flyers so aircraft and bases have more reaction time.","Замедляет Бегемота и пандоранские летающие объекты на геоскапе, чтобы у авиации и баз было больше времени на реакцию."
AAP_CFG_BehemothSpeed,Text,,FS: Behemoth speed (kph),FS: скорость Бегемота (км/ч)
AAP_CFG_BehemothSpeed_DESC,Text,,"Geoscape speed of the Behemoth. Vanilla 60; 6 matches the Slowdown Behemoth reference mod. Only used with Festering Skies tweaks enabled.","Скорость Бегемота на геоскапе. Ванильное 60; 6 соответствует эталонному моду Slowdown Behemoth. Используется только при включённых твиках Festering Skies."
AAP_CFG_AlienFlyerSpeedPercent,Text,,FS: Alien flyer speed percent,FS: скорость пандоранских ЛА (%)
AAP_CFG_AlienFlyerSpeedPercent_DESC,Text,,"Geoscape speed of Pandoran flyers as percent of vanilla (vanilla small 250 / medium 350 / large 300). 10 = Slowdown Alien Flyers reference mod values.","Скорость пандоранских летающих объектов на геоскапе в процентах от ванильного (ванильные: малый 250 / средний 350 / большой 300). 10 = значения из эталонного мода Slowdown Alien Flyers."
AAP_CFG_EnableCorruptedHorizonsTweaks,Text,,Corrupted Horizons tweaks,Твики Corrupted Horizons
AAP_CFG_EnableCorruptedHorizonsTweaks_DESC,Text,,"Nerf the Acheron: Call Reinforcements gets a real WP cost, and its cloud abilities are limited to one use per turn.","Ослабляет Ахерона: «Призыв подкрепления» получает настоящую стоимость В, а его облачные способности ограничены одним применением за ход."
AAP_CFG_AcheronReinforceWPCost,Text,,CH: Acheron reinforcement WP cost,CH: стоимость призыва подкрепления Ахерона (В)
AAP_CFG_AcheronReinforceWPCost_DESC,Text,,"Willpower cost of the Acheron's Call Reinforcements (vanilla 0 = free spam). 20 matches the Nerf Acheron mod.","Стоимость воли для «Призыва подкрепления» Ахерона (ванильное 0 = бесплатный спам). 20 соответствует моду Nerf Acheron."
AAP_CFG_EnableLimitedWar,Text,,Limited War: enable,Limited War: включить
AAP_CFG_EnableLimitedWar_DESC,Text,,"Curbs AI-vs-AI warring: zoned haven destruction, attack limits, alertness on losses, defense multipliers. Phoenix itself is never limited. Restart game after changing.","Ограничивает войну ИИ против ИИ: зональное разрушение убежищ, лимиты атак, тревожность при потерях, множители обороны. Сам Феникс никогда не ограничивается. Перезапустите игру после изменения."
AAP_CFG_LWZonedFactionAttacks,Text,,LW: faction attacks damage zones only,LW: атаки фракций разрушают только зоны
AAP_CFG_LWZonedFactionAttacks_DESC,Text,,"A lost haven defense against another faction destroys only the attacked zone instead of the whole haven.","При провале обороны убежища от другой фракции разрушается только атакованная зона, а не всё убежище целиком."
AAP_CFG_LWZonedPandoranAttacks,Text,,LW: Pandoran attacks damage zones only,LW: пандоранские атаки разрушают только зоны
AAP_CFG_LWZonedPandoranAttacks_DESC,Text,,"Same as above but for Pandoran attacks (off by default - keeps alien threat lethal).","То же, что и выше, но для пандоранских атак (по умолчанию выключено — чужая угроза остаётся смертельной)."
AAP_CFG_LWAttacksRaiseAlertness,Text,,LW: attacks raise alertness,LW: атаки повышают тревожность
AAP_CFG_LWAttacksRaiseAlertness_DESC,Text,,"When a faction loses a haven (or a zone), all its havens raise alertness.","Когда фракция теряет убежище (или зону), тревожность во всех её убежищах повышается."
AAP_CFG_LWStopOneSidedWar,Text,,LW: stop one-sided wars,LW: запрет односторонних войн
AAP_CFG_LWStopOneSidedWar_DESC,Text,,"The same faction cannot attack twice in a row - wars alternate.","Одна и та же фракция не может атаковать дважды подряд — войны чередуются."
AAP_CFG_LWGlobalAttackLimit,Text,,LW: global attack limit (-1 off),LW: глобальный лимит атак (-1 выкл.)
AAP_CFG_LWGlobalAttackLimit_DESC,Text,,"Maximum simultaneous faction-vs-faction haven attacks on the map. Default 3, -1 disables.","Максимум одновременных атак фракция-против-фракции на карте. По умолчанию 3, -1 отключает."
AAP_CFG_LWFactionAttackLimit,Text,,LW: per-faction attack limit (-1 off),LW: лимит атак на фракцию (-1 выкл.)
AAP_CFG_LWFactionAttackLimit_DESC,Text,,"Maximum simultaneous attacks by one faction. Default 2, -1 disables.","Максимум одновременных атак одной фракции. По умолчанию 2, -1 отключает."
AAP_CFG_LWSiegeProtectionLimit,Text,,LW: siege protection limit (-1 off),LW: лимит осадной защиты (-1 выкл.)
AAP_CFG_LWSiegeProtectionLimit_DESC,Text,,"A faction defending this many of its own havens against Pandorans starts no new wars. Default 1, -1 disables.","Фракция, обороняющая столько своих убежищ от пандоранов, не начинает новых войн. По умолчанию 1, -1 отключает."
AAP_CFG_LWDisablePandoranBaseAttacks,Text,,LW: disable Pandoran attacks on Phoenix bases,LW: отключить атаки пандоранов на базы Феникса
AAP_CFG_LWDisablePandoranBaseAttacks_DESC,Text,,"Pandorans never assault Phoenix bases (off by default).","Пандораны никогда не штурмуют базы Феникса (по умолчанию выключено)."
AAP_CFG_DisableGrenadeScatter,Text,,Disable grenade scatter,Отключить разброс гранат
AAP_CFG_DisableGrenadeScatter_DESC,Text,,Thrown grenades land exactly on the aimed point. Hand-thrown grenade items only - launchers and mortars keep their spread. Takes effect immediately.,Брошенные гранаты попадают точно в точку прицеливания. Действует только на ручные гранаты - гранатомёты и миномёты сохраняют разброс. Вступает в силу сразу.
